{"cameraMode":{"drawMode":0,"name":"Shaded","section":"Shading Mode"},"sceneLighting":true,"audioPlay":false,"sceneViewState":{"showFog":false,"showMaterialUpdate":true,"showSkybox":true,"showFlares":true,"showImageEffects":true,"showParticleSystems":true},"in2DMode":false,"pivot":{"x":121.72684478759766,"y":49.388755798339847,"z":10.848381042480469},"rotation":{"x":-0.194118469953537,"y":-0.11828522384166718,"z":0.023571796715259553,"w":-0.9735543727874756},"size":146.02365112304688,"orthographic":false}