{"cameraMode":{"drawMode":0,"name":"Shaded","section":"Shading Mode"},"sceneLighting":true,"audioPlay":false,"sceneViewState":{"showFog":false,"showMaterialUpdate":true,"showSkybox":true,"showFlares":true,"showImageEffects":true,"showParticleSystems":true},"in2DMode":false,"pivot":{"x":-63.12260437011719,"y":-73.80289459228516,"z":44.24786376953125},"rotation":{"x":0.21316023170948029,"y":-0.0058660125359892849,"z":0.0012821044074371458,"w":0.977016031742096},"size":239.01300048828126,"orthographic":false}