{"cameraMode":{"drawMode":0,"name":"Shaded","section":"Shading Mode"},"sceneLighting":true,"audioPlay":false,"sceneViewState":{"showFog":false,"showMaterialUpdate":true,"showSkybox":true,"showFlares":true,"showImageEffects":true,"showParticleSystems":true},"in2DMode":false,"pivot":{"x":185.1697540283203,"y":147.1121368408203,"z":179.40408325195313},"rotation":{"x":-0.18371205031871797,"y":-0.023005224764347078,"z":0.00428761076182127,"w":-0.9827204346656799},"size":294.4737243652344,"orthographic":false}