{"cameraMode":{"drawMode":0,"name":"Shaded","section":"Shading Mode"},"sceneLighting":true,"audioPlay":false,"sceneViewState":{"showFog":false,"showMaterialUpdate":true,"showSkybox":true,"showFlares":true,"showImageEffects":true,"showParticleSystems":true},"in2DMode":false,"pivot":{"x":132.90359497070313,"y":43.192562103271487,"z":4.552921295166016},"rotation":{"x":-0.24072858691215516,"y":-0.03872137889266014,"z":0.00959861185401678,"w":-0.9697916507720947},"size":195.78912353515626,"orthographic":false}