{"cameraMode":{"drawMode":0,"name":"Shaded","section":"Shading Mode"},"sceneLighting":true,"audioPlay":false,"sceneViewState":{"showFog":false,"showMaterialUpdate":true,"showSkybox":true,"showFlares":true,"showImageEffects":true,"showParticleSystems":true},"in2DMode":false,"pivot":{"x":178.2961883544922,"y":44.3883056640625,"z":112.37346649169922},"rotation":{"x":-0.38459938764572146,"y":-0.013299522921442986,"z":0.005528463516384363,"w":-0.9229917526245117},"size":294.4737243652344,"orthographic":false}